"File","Status","Remarks"
"1_1_14_1_1","Success",""
"1_1_165_1_1","Success",""
"1_1_27_1_1","Success",""
"1_1_7_1_2","Missing Fields","'Martial Status -> Other Marital Status'"
"1_1_36_1_1","Missing Fields","'Email -> Email Address'"
"1_1_23_1_1","Missing Fields","'Martial Status -> Education Level','Martial Status -> Other Marital Status'"
"1_1_104_1_1","Failure","Error occurred. Error is C:\\Java\\templates\1/1/1_1_104_1_1.pdf not found as file or resource."
"1_1_45_1_1","Success",""
"1_1_94_1_1","Success",""
"1_1_37_1_1","Success",""
"1_1_28_1_1","Success",""
"1_1_150_1_1","Success",""
"1_1_8_1_1","Missing Fields","'Address -> Overseas Address'"
"1_1_164_1_1","Success",""
"1_1_103_1_1","Success",""
"1_1_11_1_1","Missing Fields","'Address -> Change Office Address Only Toggle','Address -> Change Residential Address Only Toggle','Employment -> Occupation'"
"1_1_16_1_1","Success",""
"1_1_142_1_1","Success",""
"1_1_33_1_1","Success",""
"1_1_4_1_1","Missing Fields","'Phone Number & Fax -> Residential Phone Country Code','Phone Number & Fax -> Other No Country Code','Phone Number & Fax -> Other No Number'"
"1_1_9_1_1","Missing Fields","'Phone Number & Fax -> Other No Area Code','Phone Number & Fax -> Fax No Number','Phone Number & Fax -> Other No Number','Phone Number & Fax -> Fax No Area Code'"
"1_1_25_1_1","Success",""
"1_1_50_1_1","Success",""
"1_1_12_1_1","Missing Fields","'Address -> Chinese Address','Martial Status -> Marital Status'"
"1_1_3_1_1","Failure","Error occurred. Error is C:\\Java\\templates\1/1/1_1_3_1_1.pdf not found as file or resource."
"1_1_17_1_1","Missing Fields","'Phone Number & Fax -> Fax No Number','Phone Number & Fax -> Residential Phone Country Code'"
"1_1_132_1_1","Missing Fields","'Phone Number & Fax -> Other No Country Code','Phone Number & Fax -> Other No Number'"
"1_1_26_1_1","Success",""
"1_1_10_1_1","Success",""
"1_1_53_1_1","Success",""
"1_1_7_1_1","Missing Fields","'Phone Number & Fax -> Other No Country Code','Phone Number & Fax -> Other No Country','Phone Number & Fax -> Other No Number'"
"1_1_13_1_1","Missing Fields","'Phone Number & Fax -> Mobile Phone Number','Mandatory -> Specific AC No'"
"1_1_78_1_1","Success",""
"1_1_114_1_1","Failure","Error occurred. Error is C:\\Java\\templates\1/1/1_1_114_1_1.pdf not found as file or resource."
"1_1_78_1_2","Success",""
"1_1_109_1_1","Success",""
"1_1_18_1_1","Success",""
"1_1_22_1_1","Success",""
"1_1_83_1_1","Success",""
"1_1_74_1_1","Failure","Error occurred. Error is C:\\Java\\templates\1/1/1_1_74_1_1.pdf not found as file or resource."
"1_1_105_1_1","Missing Fields","'Mandatory -> Affected Account','Mandatory -> Designated Credit Card No','Mandatory -> Account Chi Forename','Mandatory -> Account Chi Surname'"
